<?xml version="1.0" encoding="UTF-8"?>
<!DOCTYPE mapper PUBLIC "-//mybatis.org//DTD Mapper 3.0//EN" "http://mybatis.org/dtd/mybatis-3-mapper.dtd">

<mapper namespace="com.project.service.dao.ProjectDAO">

 <select id="selectProjectList" resultType="ProjectVO">
	select proId, 
		proTitle, 
		proBody, 
		proDate from board
 </select>
 
 <insert id = "insertProject">
 	<selectKey resultType="int" keyProperty="proId" order="BEFORE">
		select nvl(max(proId),0)+1 from board
	</selectKey>  
		insert into board (
			proId, 
			proTitle, 
			proBody, 
			proDate
		 ) values (
			#{proId}, 
			#{proTitle}, 
			#{proBody},
			SYSDATE
		 )
 </insert>
 
 <update id="updateProject">
 	update 
 		board
 	set 
 		proTitle = #{proTitle},
 		proBody = #{proBody}
 	where
 	 	proId = #{proId}
 </update>
 
 <delete id="deleteProject">
 	delete from
 		board
 	where 
 	proId = #{proId}
 </delete>
 

 
</mapper>